"文件名","外链地址"
"BV12j411e7pm.mp4","http://s3604nf5a.hn-bkt.clouddn.com/BV12j411e7pm.mp4?e=1698918845&token=cjph6i_nsZJwxelLwEqaj4dlknNKEI94oVpRuRQF:t3FFPmIKtxOvrXNgigSPF7MM6ls="
"BV12w411F7Qd.mp4","http://s3604nf5a.hn-bkt.clouddn.com/BV12w411F7Qd.mp4?e=1698918845&token=cjph6i_nsZJwxelLwEqaj4dlknNKEI94oVpRuRQF:XAp5-zBoFfC9SnmUcYa4us7rPqI="
"BV13Q4y1W7rn.mp4","http://s3604nf5a.hn-bkt.clouddn.com/BV13Q4y1W7rn.mp4?e=1698918845&token=cjph6i_nsZJwxelLwEqaj4dlknNKEI94oVpRuRQF:00Aa2Walzv6bhsP2esDjNqL0Rf0="
"BV14B4y1d7bp.mp4","http://s3604nf5a.hn-bkt.clouddn.com/BV14B4y1d7bp.mp4?e=1698918845&token=cjph6i_nsZJwxelLwEqaj4dlknNKEI94oVpRuRQF:LChObDxL2n6HcEfbvmSXRJQPxVQ="
"BV14C4y137ei.mp4","http://s3604nf5a.hn-bkt.clouddn.com/BV14C4y137ei.mp4?e=1698918845&token=cjph6i_nsZJwxelLwEqaj4dlknNKEI94oVpRuRQF:_lEdaUMDiU9jEXvSH0flhLheI1c="
"BV15G411C7Uv.mp4","http://s3604nf5a.hn-bkt.clouddn.com/BV15G411C7Uv.mp4?e=1698918845&token=cjph6i_nsZJwxelLwEqaj4dlknNKEI94oVpRuRQF:y_BpZ9BoA99hb8MSOKQbtVekt0w="
"BV1684y1R74f.mp4","http://s3604nf5a.hn-bkt.clouddn.com/BV1684y1R74f.mp4?e=1698918845&token=cjph6i_nsZJwxelLwEqaj4dlknNKEI94oVpRuRQF:ELYEqQ6jnH9jKjfHGDjFUcS6aP4="
"BV17M411R7qy.mp4","http://s3604nf5a.hn-bkt.clouddn.com/BV17M411R7qy.mp4?e=1698918845&token=cjph6i_nsZJwxelLwEqaj4dlknNKEI94oVpRuRQF:M5_pKXU3tHM9svbZgDktJ-ptsqI="
"BV17Q4y1W7tN.mp4","http://s3604nf5a.hn-bkt.clouddn.com/BV17Q4y1W7tN.mp4?e=1698918845&token=cjph6i_nsZJwxelLwEqaj4dlknNKEI94oVpRuRQF:NF4HL-xPeyoTV2GZWoVyQIDl1UA="
"BV17w411z7bU.mp4","http://s3604nf5a.hn-bkt.clouddn.com/BV17w411z7bU.mp4?e=1698918845&token=cjph6i_nsZJwxelLwEqaj4dlknNKEI94oVpRuRQF:AHoh-ayBVTNtjKs4PYSAYysk57E="
"BV18C4y137p6.mp4","http://s3604nf5a.hn-bkt.clouddn.com/BV18C4y137p6.mp4?e=1698918845&token=cjph6i_nsZJwxelLwEqaj4dlknNKEI94oVpRuRQF:JHqnTFyEAiUuruDepilkuJgkpzc="
"BV18u4y1Y7PA.mp4","http://s3604nf5a.hn-bkt.clouddn.com/BV18u4y1Y7PA.mp4?e=1698918845&token=cjph6i_nsZJwxelLwEqaj4dlknNKEI94oVpRuRQF:zuOoCvx9F9esRf1cHwkyIgjOcKI="
"BV1C84y1R76d.mp4","http://s3604nf5a.hn-bkt.clouddn.com/BV1C84y1R76d.mp4?e=1698918845&token=cjph6i_nsZJwxelLwEqaj4dlknNKEI94oVpRuRQF:cGyx2hhtnbbBCkju0WRwnoX-xOA="
"BV1Eu4y1E7wp.mp4","http://s3604nf5a.hn-bkt.clouddn.com/BV1Eu4y1E7wp.mp4?e=1698918845&token=cjph6i_nsZJwxelLwEqaj4dlknNKEI94oVpRuRQF:jkekjRP4jra-fnS9jiR24cXNrl0="
"BV1F94y157Ls.mp4","http://s3604nf5a.hn-bkt.clouddn.com/BV1F94y157Ls.mp4?e=1698918845&token=cjph6i_nsZJwxelLwEqaj4dlknNKEI94oVpRuRQF:P9OcSo4xKxZ72-pprSJnFu5e6A4="
"BV1FH4y1R7Ee.mp4","http://s3604nf5a.hn-bkt.clouddn.com/BV1FH4y1R7Ee.mp4?e=1698918845&token=cjph6i_nsZJwxelLwEqaj4dlknNKEI94oVpRuRQF:jFcQX0Kthm3HkPK4ew7dBnVld6U="
"BV1GM411X71Z.mp4","http://s3604nf5a.hn-bkt.clouddn.com/BV1GM411X71Z.mp4?e=1698918845&token=cjph6i_nsZJwxelLwEqaj4dlknNKEI94oVpRuRQF:ty0H1JRmg8d2qnV-TiUlFskVFvg="
"BV1GN4y1k7V2.mp4","http://s3604nf5a.hn-bkt.clouddn.com/BV1GN4y1k7V2.mp4?e=1698918845&token=cjph6i_nsZJwxelLwEqaj4dlknNKEI94oVpRuRQF:5_1617VIy1sXN8LIHg3hGNWVsrk="
"BV1KN411s7vP.mp4","http://s3604nf5a.hn-bkt.clouddn.com/BV1KN411s7vP.mp4?e=1698918845&token=cjph6i_nsZJwxelLwEqaj4dlknNKEI94oVpRuRQF:Ww11hhSk3Fl1sR9zZbznB5Ac1N4="
"BV1Lc411f7oz.mp4","http://s3604nf5a.hn-bkt.clouddn.com/BV1Lc411f7oz.mp4?e=1698918845&token=cjph6i_nsZJwxelLwEqaj4dlknNKEI94oVpRuRQF:yrh7F4hLLjRBKD6QPM8TTpHpzY8="
"BV1MQ4y1H7GJ.mp4","http://s3604nf5a.hn-bkt.clouddn.com/BV1MQ4y1H7GJ.mp4?e=1698918845&token=cjph6i_nsZJwxelLwEqaj4dlknNKEI94oVpRuRQF:8SCQve6Qasa-sBoUNsnKsTa3e5A="
"BV1Mj411e799.mp4","http://s3604nf5a.hn-bkt.clouddn.com/BV1Mj411e799.mp4?e=1698918845&token=cjph6i_nsZJwxelLwEqaj4dlknNKEI94oVpRuRQF:MTm-LuXAk-Khk8xsnOFA0Ia7C4c="
"BV1N94y157HJ.mp4","http://s3604nf5a.hn-bkt.clouddn.com/BV1N94y157HJ.mp4?e=1698918845&token=cjph6i_nsZJwxelLwEqaj4dlknNKEI94oVpRuRQF:OGBmtn1xG4O0W4CftmX-wQ3B1BI="
"BV1NN4y1y7EX.mp4","http://s3604nf5a.hn-bkt.clouddn.com/BV1NN4y1y7EX.mp4?e=1698918845&token=cjph6i_nsZJwxelLwEqaj4dlknNKEI94oVpRuRQF:oyckGCFV_lIsru3IfO-fbucP1dY="
"BV1Q84y1976f.mp4","http://s3604nf5a.hn-bkt.clouddn.com/BV1Q84y1976f.mp4?e=1698918845&token=cjph6i_nsZJwxelLwEqaj4dlknNKEI94oVpRuRQF:_OgBcbQhKQ8TEwH5YO4hgrJy2iU="
"BV1Q94y1V7F7.mp4","http://s3604nf5a.hn-bkt.clouddn.com/BV1Q94y1V7F7.mp4?e=1698918845&token=cjph6i_nsZJwxelLwEqaj4dlknNKEI94oVpRuRQF:FaTwYvop4O5EI3CZgxtkG7oLZUo="
"BV1Qy4y1w7EY.mp4","http://s3604nf5a.hn-bkt.clouddn.com/BV1Qy4y1w7EY.mp4?e=1698918845&token=cjph6i_nsZJwxelLwEqaj4dlknNKEI94oVpRuRQF:D5g8v6I6Nii7lkMmoKZSgz2ROl8="
"BV1Ru4y1a7KD.mp4","http://s3604nf5a.hn-bkt.clouddn.com/BV1Ru4y1a7KD.mp4?e=1698918845&token=cjph6i_nsZJwxelLwEqaj4dlknNKEI94oVpRuRQF:8kG_SdsNXOMgGddf7HwU3pGYR98="
"BV1Tc411f7NW.mp4","http://s3604nf5a.hn-bkt.clouddn.com/BV1Tc411f7NW.mp4?e=1698918845&token=cjph6i_nsZJwxelLwEqaj4dlknNKEI94oVpRuRQF:zGf2cjsBesE3Xr2q5Sb5X6KJ_-E="
"BV1U84y197NG.mp4","http://s3604nf5a.hn-bkt.clouddn.com/BV1U84y197NG.mp4?e=1698918845&token=cjph6i_nsZJwxelLwEqaj4dlknNKEI94oVpRuRQF:kHZhgicDiSwn0y2UAwh42eqh5OU="
"BV1Vh4y1B7he.mp4","http://s3604nf5a.hn-bkt.clouddn.com/BV1Vh4y1B7he.mp4?e=1698918845&token=cjph6i_nsZJwxelLwEqaj4dlknNKEI94oVpRuRQF:1EpP-8gBGsErdMLrSc-ZRbv_Tf4="
"BV1We411d79z.mp4","http://s3604nf5a.hn-bkt.clouddn.com/BV1We411d79z.mp4?e=1698918845&token=cjph6i_nsZJwxelLwEqaj4dlknNKEI94oVpRuRQF:1s5FsGCiQ16sR7pE-YHE8fRsD9c="
"BV1XC4y137VL.mp4","http://s3604nf5a.hn-bkt.clouddn.com/BV1XC4y137VL.mp4?e=1698918845&token=cjph6i_nsZJwxelLwEqaj4dlknNKEI94oVpRuRQF:9DO11-fVHMhVE6HsvBJciunTzx0="
"BV1Xw411B7Gf.mp4","http://s3604nf5a.hn-bkt.clouddn.com/BV1Xw411B7Gf.mp4?e=1698918845&token=cjph6i_nsZJwxelLwEqaj4dlknNKEI94oVpRuRQF:mmv1zbLDR2eTP2FlfPo79lUZR5o="
"BV1YG411C773.mp4","http://s3604nf5a.hn-bkt.clouddn.com/BV1YG411C773.mp4?e=1698918845&token=cjph6i_nsZJwxelLwEqaj4dlknNKEI94oVpRuRQF:WufYCLJxOtgyaIGSvRyAacqmKmU="
"BV1aN411W76P.mp4","http://s3604nf5a.hn-bkt.clouddn.com/BV1aN411W76P.mp4?e=1698918845&token=cjph6i_nsZJwxelLwEqaj4dlknNKEI94oVpRuRQF:sJ26yIL-wyRkFQDyqSKZQCbbh-g="
"BV1cM41197ui.mp4","http://s3604nf5a.hn-bkt.clouddn.com/BV1cM41197ui.mp4?e=1698918845&token=cjph6i_nsZJwxelLwEqaj4dlknNKEI94oVpRuRQF:aCvuck-QnhwzEXMK_HaCaE5ypWM="
"BV1d94y1L7RK.mp4","http://s3604nf5a.hn-bkt.clouddn.com/BV1d94y1L7RK.mp4?e=1698918845&token=cjph6i_nsZJwxelLwEqaj4dlknNKEI94oVpRuRQF:rS4vY5OVryQces5QHTcuFqwBQHg="
"BV1ew411F7pq.mp4","http://s3604nf5a.hn-bkt.clouddn.com/BV1ew411F7pq.mp4?e=1698918845&token=cjph6i_nsZJwxelLwEqaj4dlknNKEI94oVpRuRQF:jruU6wXPMePcvt0HwhUP80U_CZs="
"BV1hu4y1n7ff.mp4","http://s3604nf5a.hn-bkt.clouddn.com/BV1hu4y1n7ff.mp4?e=1698918845&token=cjph6i_nsZJwxelLwEqaj4dlknNKEI94oVpRuRQF:2FZ7cu6V4b8dGvqQa0Sa3iao-MM="
"BV1je411d7TR.mp4","http://s3604nf5a.hn-bkt.clouddn.com/BV1je411d7TR.mp4?e=1698918845&token=cjph6i_nsZJwxelLwEqaj4dlknNKEI94oVpRuRQF:gddehz3wx16a_83vAAzvjE2NF5c="
"BV1kN4y1r7AL.mp4","http://s3604nf5a.hn-bkt.clouddn.com/BV1kN4y1r7AL.mp4?e=1698918845&token=cjph6i_nsZJwxelLwEqaj4dlknNKEI94oVpRuRQF:vvTD13lkB-0NWgitSAUo6ThOUSI="
"BV1mM411X7m7.mp4","http://s3604nf5a.hn-bkt.clouddn.com/BV1mM411X7m7.mp4?e=1698918845&token=cjph6i_nsZJwxelLwEqaj4dlknNKEI94oVpRuRQF:yB63XfztlfNgP3Qj0w9Rzn0wQ8g="
"BV1me411R7Ha.mp4","http://s3604nf5a.hn-bkt.clouddn.com/BV1me411R7Ha.mp4?e=1698918845&token=cjph6i_nsZJwxelLwEqaj4dlknNKEI94oVpRuRQF:GITPnVniRhoRIHAAKhgNNzeun6w="
"BV1mw411F7VZ.mp4","http://s3604nf5a.hn-bkt.clouddn.com/BV1mw411F7VZ.mp4?e=1698918845&token=cjph6i_nsZJwxelLwEqaj4dlknNKEI94oVpRuRQF:JkUflbG8z-ffhgo1eGyymFd83MY="
"BV1nM411X7Kt.mp4","http://s3604nf5a.hn-bkt.clouddn.com/BV1nM411X7Kt.mp4?e=1698918845&token=cjph6i_nsZJwxelLwEqaj4dlknNKEI94oVpRuRQF:3X_MKgZ7cw4RTDPWKmYqoMMrYZI="
"BV1nj411e74F.mp4","http://s3604nf5a.hn-bkt.clouddn.com/BV1nj411e74F.mp4?e=1698918845&token=cjph6i_nsZJwxelLwEqaj4dlknNKEI94oVpRuRQF:LK2jIy2dh-QN-mzB4DiF3X2q8Os="
"BV1nj411e7bn.mp4","http://s3604nf5a.hn-bkt.clouddn.com/BV1nj411e7bn.mp4?e=1698918845&token=cjph6i_nsZJwxelLwEqaj4dlknNKEI94oVpRuRQF:G-UItZXfC5TXspBjyrrtL-Dg4nI="
"BV1nu4y1Y7XZ.mp4","http://s3604nf5a.hn-bkt.clouddn.com/BV1nu4y1Y7XZ.mp4?e=1698918845&token=cjph6i_nsZJwxelLwEqaj4dlknNKEI94oVpRuRQF:FZIzGRc2nK1VU2R-_2tCQDgFKg4="
"BV1oc411R7PU.mp4","http://s3604nf5a.hn-bkt.clouddn.com/BV1oc411R7PU.mp4?e=1698918845&token=cjph6i_nsZJwxelLwEqaj4dlknNKEI94oVpRuRQF:k8Q5zjSVOt6964-jCRslhBFXWKc="